Date,Shift,SKU,Manufacturing Date,Number of boxes,Ageing (Days),Remarks
2025-08-18,,Coconut Laddoo Box 200 grams,2025-08-15,237,3,
2025-08-18,,Coconut Laddoo Box 200 grams,2025-08-16,466,2,
2025-08-18,B,Pista Burfi Box 200 grams,2025-08-18,685,0,
2025-08-20,,Badam Katli Box 200 grams,2025-08-19,206,1,
2025-08-20,,Milk Peda Box 200 grams,2025-08-19,371,1,
2025-08-20,G,Kaju Katli Classic Box 200 grams,2025-08-15,459,5,
2025-08-20,C,Mysore Pak Box 200 grams,2025-08-15,399,5,
2025-08-20,A,Kaju Katli Classic Box 200 grams,2025-08-18,424,2,
2025-08-21,,Motichoor Laddoo Box 200 grams,2025-08-21,182,0,
2025-08-21,,Kaju Katli Classic Box 200 grams,2025-08-20,643,1,
2025-08-21,G,Coconut Laddoo Box 200 grams,2025-08-20,427,1,
2025-08-21,,Pista Burfi Box 200 grams,2025-08-19,682,2,
2025-08-21,,Motichoor Laddoo Box 200 grams,2025-08-12,620,9,
2025-08-22,G,Badam Katli Box 200 grams,2025-08-17,137,5,
2025-08-23,,Motichoor Laddoo Box 200 grams,2025-08-22,346,1,
2025-08-23,C,Motichoor Laddoo Box 200 grams,2025-08-21,100,2,
2025-08-23,,Milk Peda Box 200 grams,2025-08-22,200,1,
2025-08-23,,Kaju Katli Classic Box 200 grams,2025-08-23,56,0,
2025-08-23,,Badam Katli Box 200 grams,2025-08-23,472,0,
2025-08-24,,Besan Laddoo Box 200 grams,2025-08-22,286,2,
2025-08-24,G,Motichoor Laddoo Box 200 grams,2025-08-24,382,0,
2025-08-24,G,Pista Burfi Box 200 grams,2025-08-22,433,2,
2025-08-25,,Besan Laddoo Box 200 grams,2025-08-22,139,3,
2025-08-25,B,Kaju Katli Classic Box 200 grams,2025-08-25,220,0,
2025-08-26,,Motichoor Laddoo Box 200 grams,2025-08-26,243,0,
2025-08-28,,Coconut Laddoo Box 200 grams,2025-08-28,668,0,
2025-08-28,,Besan Laddoo Box 200 grams,2025-08-17,508,11,
2025-08-31,B,Motichoor Laddoo Box 200 grams,2025-08-30,479,1,
2025-08-31,,Motichoor Laddoo Box 200 grams,2025-08-22,424,9,
2025-08-31,,Milk Peda Box 200 grams,2025-08-20,62,11,
2025-08-31,,Coconut Laddoo Box 200 grams,2025-08-29,567,2,
2025-09-01,G,Pista Burfi Box 200 grams,2025-08-30,176,2,
2025-09-01,,Besan Laddoo Box 200 grams,2025-09-01,553,0,
2025-09-01,,Kaju Katli Classic Box 200 grams,2025-08-29,58,3,
2025-09-01,,Milk Peda Box 200 grams,2025-08-31,173,1,
2025-09-01,,Pista Burfi Box 200 grams,2025-08-31,678,1,
2025-09-02,,Coconut Laddoo Box 200 grams,2025-09-01,368,1,
2025-09-02,,Pista Burfi Box 200 grams,2025-08-30,262,3,
2025-09-02,A,Mysore Pak Box 200 grams,2025-09-01,414,1,
2025-09-02,,Milk Peda Box 200 grams,2025-09-02,613,0,
2025-09-04,A,Pista Burfi Box 200 grams,2025-09-04,642,0,
2025-09-04,A,Motichoor Laddoo Box 200 grams,2025-09-03,511,1,
2025-09-04,,Badam Katli Box 200 grams,2025-09-04,483,0,
2025-09-05,B,Coconut Laddoo Box 200 grams,2025-08-27,439,9,
2025-09-05,G,Badam Katli Box 200 grams,2025-09-03,290,2,
2025-09-05,,Pista Burfi Box 200 grams,2025-09-04,313,1,
2025-09-05,G,Pista Burfi Box 200 grams,2025-09-03,148,2,
2025-09-06,,Coconut Laddoo Box 200 grams,2025-09-05,205,1,
2025-09-07,,Milk Peda Box 200 grams,2025-09-07,215,0,
2025-09-08,A,Besan Laddoo Box 200 grams,2025-09-07,97,1,
2025-09-08,,Badam Katli Box 200 grams,2025-09-06,75,2,
2025-09-08,,Besan Laddoo Box 200 grams,2025-09-08,393,0,
2025-09-08,,Kaju Katli Classic Box 200 grams,2025-09-08,220,0,
2025-09-09,B,Besan Laddoo Box 200 grams,2025-09-09,200,0,
2025-09-09,G,Coconut Laddoo Box 200 grams,2025-09-09,218,0,
2025-09-09,G,Milk Peda Box 200 grams,2025-09-08,285,1,
2025-09-10,C,Mysore Pak Box 200 grams,2025-09-09,305,1,
2025-09-11,,Pista Burfi Box 200 grams,2025-09-10,692,1,
2025-09-11,,Pista Burfi Box 200 grams,2025-09-11,322,0,
2025-09-11,A,Badam Katli Box 200 grams,2025-09-10,679,1,
2025-09-11,,Badam Katli Box 200 grams,2025-09-10,155,1,
2025-09-11,,Mysore Pak Box 200 grams,2025-09-06,641,5,
2025-09-13,G,Pista Burfi Box 200 grams,2025-09-12,478,1,
2025-09-13,,Coconut Laddoo Box 200 grams,2025-09-13,84,0,
2025-09-13,,Mysore Pak Box 200 grams,2025-09-12,607,1,
2025-09-13,,Kaju Katli Classic Box 200 grams,2025-09-11,669,2,
2025-09-14,,Coconut Laddoo Box 200 grams,2025-09-12,309,2,
2025-09-14,,Coconut Laddoo Box 200 grams,2025-09-05,178,9,
2025-09-14,G,Coconut Laddoo Box 200 grams,2025-09-13,642,1,
2025-09-14,,Besan Laddoo Box 200 grams,2025-09-13,657,1,
2025-09-14,A,Kaju Katli Classic Box 200 grams,2025-09-10,435,4,
2025-09-15,G,Pista Burfi Box 200 grams,2025-09-15,517,0,
2025-09-15,,Pista Burfi Box 200 grams,2025-09-08,254,7,
2025-09-15,G,Pista Burfi Box 200 grams,2025-09-15,145,0,
2025-09-15,G,Motichoor Laddoo Box 200 grams,2025-09-14,340,1,
2025-09-15,,Coconut Laddoo Box 200 grams,2025-09-14,551,1,
2025-09-16,,Mysore Pak Box 200 grams,2025-09-15,265,1,
2025-09-16,,Motichoor Laddoo Box 200 grams,2025-09-14,177,2,
2025-09-18,B,Pista Burfi Box 200 grams,2025-09-17,303,1,
2025-09-18,,Milk Peda Box 200 grams,2025-09-18,347,0,
2025-09-18,G,Kaju Katli Classic Box 200 grams,2025-09-17,214,1,
2025-09-18,,Badam Katli Box 200 grams,2025-09-11,108,7,
2025-09-19,G,Badam Katli Box 200 grams,2025-09-18,545,1,
2025-09-19,G,Besan Laddoo Box 200 grams,2025-09-19,493,0,
2025-09-20,,Besan Laddoo Box 200 grams,2025-09-19,85,1,
2025-09-21,,Pista Burfi Box 200 grams,2025-09-21,309,0,
2025-09-22,B,Mysore Pak Box 200 grams,2025-09-22,217,0,
2025-09-22,G,Kaju Katli Classic Box 200 grams,2025-09-21,190,1,
2025-09-23,,Milk Peda Box 200 grams,2025-09-23,155,0,
2025-09-26,C,Pista Burfi Box 200 grams,2025-09-21,572,5,
2025-09-28,,Badam Katli Box 200 grams,2025-09-19,667,9,
2025-09-28,,Milk Peda Box 200 grams,2025-09-27,531,1,
2025-09-28,G,Pista Burfi Box 200 grams,2025-09-24,627,4,
2025-09-28,A,Motichoor Laddoo Box 200 grams,2025-09-28,568,0,
2025-09-29,,Milk Peda Box 200 grams,2025-09-18,455,11,
2025-09-30,,Kaju Katli Classic Box 200 grams,2025-09-28,467,2,
2025-09-30,,Coconut Laddoo Box 200 grams,2025-09-30,478,0,
2025-09-30,B,Motichoor Laddoo Box 200 grams,2025-09-23,216,7,
2025-10-02,G,Besan Laddoo Box 200 grams,2025-09-30,626,2,
2025-10-02,,Coconut Laddoo Box 200 grams,2025-10-01,319,1,
2025-10-02,G,Kaju Katli Classic Box 200 grams,2025-10-01,496,1,
2025-10-02,A,Milk Peda Box 200 grams,2025-10-01,451,1,
2025-10-03,,Kaju Katli Classic Box 200 grams,2025-09-30,322,3,
2025-10-05,C,Milk Peda Box 200 grams,2025-10-04,94,1,
2025-10-05,,Motichoor Laddoo Box 200 grams,2025-10-04,602,1,
2025-10-06,,Milk Peda Box 200 grams,2025-10-06,133,0,
2025-10-07,G,Kaju Katli Classic Box 200 grams,2025-10-06,449,1,
2025-10-07,G,Milk Peda Box 200 grams,2025-10-06,403,1,
2025-10-07,,Coconut Laddoo Box 200 grams,2025-10-07,225,0,
2025-10-07,,Mysore Pak Box 200 grams,2025-10-02,103,5,
2025-10-07,,Badam Katli Box 200 grams,2025-10-06,237,1,
2025-10-08,,Milk Peda Box 200 grams,2025-10-08,75,0,
2025-10-08,,Coconut Laddoo Box 200 grams,2025-10-07,669,1,
2025-10-08,C,Motichoor Laddoo Box 200 grams,2025-10-07,594,1,
2025-10-08,A,Mysore Pak Box 200 grams,2025-09-27,100,11,
2025-10-09,,Kaju Katli Classic Box 200 grams,2025-10-08,252,1,
2025-10-10,G,Mysore Pak Box 200 grams,2025-10-08,453,2,
2025-10-10,G,Badam Katli Box 200 grams,2025-10-10,478,0,
2025-10-10,,Coconut Laddoo Box 200 grams,2025-10-08,222,2,
2025-10-11,,Motichoor Laddoo Box 200 grams,2025-10-11,402,0,
2025-10-11,,Motichoor Laddoo Box 200 grams,2025-10-08,60,3,
2025-10-11,B,Kaju Katli Classic Box 200 grams,2025-10-10,174,1,
2025-10-11,,Besan Laddoo Box 200 grams,2025-10-04,676,7,
2025-10-12,,Milk Peda Box 200 grams,2025-10-12,57,0,
2025-10-12,A,Badam Katli Box 200 grams,2025-10-03,482,9,
2025-10-12,C,Pista Burfi Box 200 grams,2025-10-12,289,0,
2025-10-14,A,Milk Peda Box 200 grams,2025-10-14,245,0,
2025-10-14,G,Badam Katli Box 200 grams,2025-10-12,160,2,
2025-10-16,,Badam Katli Box 200 grams,2025-10-15,415,1,
2025-10-16,G,Mysore Pak Box 200 grams,2025-10-14,138,2,
2025-10-17,,Kaju Katli Classic Box 200 grams,2025-10-16,266,1,
2025-10-17,G,Motichoor Laddoo Box 200 grams,2025-10-16,509,1,
2025-10-17,,Motichoor Laddoo Box 200 grams,2025-10-17,437,0,
2025-10-17,,Mysore Pak Box 200 grams,2025-10-16,188,1,
2025-10-19,,Milk Peda Box 200 grams,2025-10-16,296,3,
2025-10-19,,Besan Laddoo Box 200 grams,2025-10-18,539,1,
2025-10-19,,Mysore Pak Box 200 grams,2025-10-18,92,1,
2025-10-19,G,Motichoor Laddoo Box 200 grams,2025-10-17,688,2,
2025-10-20,,Coconut Laddoo Box 200 grams,2025-10-19,216,1,
2025-10-20,,Mysore Pak Box 200 grams,2025-10-19,611,1,
2025-10-22,A,Coconut Laddoo Box 200 grams,2025-10-22,438,0,
2025-10-23,A,Kaju Katli Classic Box 200 grams,2025-10-23,172,0,
2025-10-24,,Besan Laddoo Box 200 grams,2025-10-23,68,1,
2025-10-24,,Badam Katli Box 200 grams,2025-10-24,444,0,
2025-10-24,,Kaju Katli Classic Box 200 grams,2025-10-23,135,1,
2025-10-24,,Mysore Pak Box 200 grams,2025-10-23,663,1,
2025-10-24,,Kaju Katli Classic Box 200 grams,2025-10-22,196,2,
2025-10-26,,Pista Burfi Box 200 grams,2025-10-23,277,3,
2025-10-26,,Mysore Pak Box 200 grams,2025-10-25,695,1,
2025-10-26,,Motichoor Laddoo Box 200 grams,2025-10-25,559,1,
2025-10-27,,Mysore Pak Box 200 grams,2025-10-27,460,0,
2025-10-27,C,Mysore Pak Box 200 grams,2025-10-25,506,2,
2025-10-27,G,Badam Katli Box 200 grams,2025-10-27,319,0,
2025-10-27,,Motichoor Laddoo Box 200 grams,2025-10-26,375,1,
2025-10-30,,Besan Laddoo Box 200 grams,2025-10-27,216,3,
2025-10-30,,Mysore Pak Box 200 grams,2025-10-19,389,11,
2025-10-30,,Pista Burfi Box 200 grams,2025-10-28,240,2,
2025-10-30,,Kaju Katli Classic Box 200 grams,2025-10-30,469,0,
2025-10-30,,Besan Laddoo Box 200 grams,2025-10-30,116,0,
2025-10-31,,Motichoor Laddoo Box 200 grams,2025-10-27,450,4,
2025-10-31,A,Badam Katli Box 200 grams,2025-10-31,405,0,
2025-11-01,G,Kaju Katli Classic Box 200 grams,2025-10-23,431,9,
2025-11-01,,Mysore Pak Box 200 grams,2025-10-31,565,1,
2025-11-01,G,Motichoor Laddoo Box 200 grams,2025-10-23,270,9,
2025-11-02,,Coconut Laddoo Box 200 grams,2025-11-01,254,1,
2025-11-02,,Coconut Laddoo Box 200 grams,2025-11-01,76,1,
2025-11-03,,Besan Laddoo Box 200 grams,2025-11-02,386,1,
2025-11-03,G,Milk Peda Box 200 grams,2025-11-02,688,1,
2025-11-03,G,Besan Laddoo Box 200 grams,2025-11-02,487,1,
2025-11-03,A,Mysore Pak Box 200 grams,2025-11-01,280,2,
2025-11-05,,Milk Peda Box 200 grams,2025-11-05,500,0,
2025-11-07,,Kaju Katli Classic Box 200 grams,2025-11-06,632,1,
2025-11-07,B,Pista Burfi Box 200 grams,2025-11-06,632,1,
2025-11-07,G,Kaju Katli Classic Box 200 grams,2025-11-07,670,0,
2025-11-09,,Badam Katli Box 200 grams,2025-11-09,501,0,
2025-11-09,,Coconut Laddoo Box 200 grams,2025-11-08,131,1,
2025-11-09,,Motichoor Laddoo Box 200 grams,2025-11-09,641,0,
2025-11-10,B,Mysore Pak Box 200 grams,2025-11-10,638,0,
2025-11-10,,Motichoor Laddoo Box 200 grams,2025-11-09,136,1,
2025-11-10,G,Motichoor Laddoo Box 200 grams,2025-11-08,360,2,
2025-11-11,,Mysore Pak Box 200 grams,2025-11-11,223,0,
2025-11-11,,Motichoor Laddoo Box 200 grams,2025-11-11,557,0,
2025-11-11,A,Coconut Laddoo Box 200 grams,2025-11-10,52,1,
2025-11-11,B,Pista Burfi Box 200 grams,2025-11-09,380,2,
2025-11-11,B,Coconut Laddoo Box 200 grams,2025-11-11,394,0,
2025-11-12,C,Coconut Laddoo Box 200 grams,2025-11-03,290,9,
2025-11-12,A,Pista Burfi Box 200 grams,2025-11-12,138,0,
2025-11-12,G,Besan Laddoo Box 200 grams,2025-11-10,357,2,
2025-11-12,,Badam Katli Box 200 grams,2025-11-07,571,5,
2025-11-14,,Badam Katli Box 200 grams,2025-11-12,443,2,
2025-11-14,A,Coconut Laddoo Box 200 grams,2025-11-13,598,1,
2025-11-14,A,Coconut Laddoo Box 200 grams,2025-11-14,646,0,
2025-11-15,G,Motichoor Laddoo Box 200 grams,2025-11-15,460,0,
2025-11-15,,Milk Peda Box 200 grams,2025-11-14,404,1,
2025-11-16,C,Besan Laddoo Box 200 grams,2025-11-15,440,1,
2025-11-16,,Kaju Katli Classic Box 200 grams,2025-11-15,165,1,
2025-11-16,,Badam Katli Box 200 grams,2025-11-15,668,1,
2025-11-16,,Badam Katli Box 200 grams,2025-11-16,489,0,
2025-11-16,,Pista Burfi Box 200 grams,2025-11-15,590,1,
2025-11-17,G,Besan Laddoo Box 200 grams,2025-11-08,636,9,
2025-11-17,G,Pista Burfi Box 200 grams,2025-11-17,174,0,
2025-11-17,,Motichoor Laddoo Box 200 grams,2025-11-17,245,0,
2025-11-19,G,Mysore Pak Box 200 grams,2025-11-19,469,0,
2025-11-19,,Milk Peda Box 200 grams,2025-11-18,50,1,
2025-11-19,C,Pista Burfi Box 200 grams,2025-11-19,456,0,
2025-11-19,,Motichoor Laddoo Box 200 grams,2025-11-17,205,2,
2025-11-20,G,Besan Laddoo Box 200 grams,2025-11-19,667,1,
2025-11-20,,Mysore Pak Box 200 grams,2025-11-19,311,1,
2025-11-20,,Besan Laddoo Box 200 grams,2025-11-19,609,1,
2025-11-20,G,Mysore Pak Box 200 grams,2025-11-19,539,1,
2025-11-20,,Motichoor Laddoo Box 200 grams,2025-11-19,685,1,
2025-11-21,,Motichoor Laddoo Box 200 grams,2025-11-21,578,0,
2025-11-21,,Coconut Laddoo Box 200 grams,2025-11-20,211,1,
2025-11-22,,Badam Katli Box 200 grams,2025-11-21,85,1,
2025-11-23,,Badam Katli Box 200 grams,2025-11-23,677,0,
2025-11-23,G,Milk Peda Box 200 grams,2025-11-14,307,9,
2025-11-24,A,Motichoor Laddoo Box 200 grams,2025-11-13,70,11,
2025-11-25,,Motichoor Laddoo Box 200 grams,2025-11-23,605,2,
2025-11-25,,Kaju Katli Classic Box 200 grams,2025-11-25,565,0,
2025-11-25,,Motichoor Laddoo Box 200 grams,2025-11-24,508,1,
2025-11-25,G,Badam Katli Box 200 grams,2025-11-21,227,4,
2025-11-25,,Besan Laddoo Box 200 grams,2025-11-24,450,1,
2025-11-26,,Kaju Katli Classic Box 200 grams,2025-11-25,497,1,
2025-11-27,G,Mysore Pak Box 200 grams,2025-11-20,268,7,
2025-11-27,,Kaju Katli Classic Box 200 grams,2025-11-26,668,1,
2025-11-28,,Pista Burfi Box 200 grams,2025-11-28,472,0,
2025-11-28,,Coconut Laddoo Box 200 grams,2025-11-27,238,1,
2025-11-28,,Badam Katli Box 200 grams,2025-11-21,370,7,
2025-11-29,,Pista Burfi Box 200 grams,2025-11-29,320,0,
2025-11-29,A,Kaju Katli Classic Box 200 grams,2025-11-29,467,0,
2025-11-29,,Coconut Laddoo Box 200 grams,2025-11-27,95,2,
2025-11-29,B,Badam Katli Box 200 grams,2025-11-27,50,2,
2025-11-30,,Coconut Laddoo Box 200 grams,2025-11-30,674,0,
2025-12-01,,Mysore Pak Box 200 grams,2025-11-27,496,4,
2025-12-01,,Mysore Pak Box 200 grams,2025-11-24,253,7,
2025-12-01,,Motichoor Laddoo Box 200 grams,2025-11-28,372,3,
2025-12-01,G,Mysore Pak Box 200 grams,2025-12-01,560,0,
2025-12-02,C,Motichoor Laddoo Box 200 grams,2025-11-30,658,2,
2025-12-02,C,Milk Peda Box 200 grams,2025-12-02,235,0,
2025-12-02,A,Besan Laddoo Box 200 grams,2025-12-02,497,0,
2025-12-02,,Kaju Katli Classic Box 200 grams,2025-12-01,77,1,
2025-12-02,A,Besan Laddoo Box 200 grams,2025-12-02,698,0,
2025-12-03,C,Motichoor Laddoo Box 200 grams,2025-12-03,217,0,
2025-12-03,G,Mysore Pak Box 200 grams,2025-12-02,216,1,
2025-12-03,,Mysore Pak Box 200 grams,2025-11-30,467,3,
2025-12-03,,Mysore Pak Box 200 grams,2025-12-01,161,2,
2025-12-03,,Besan Laddoo Box 200 grams,2025-12-02,142,1,
2025-12-05,,Motichoor Laddoo Box 200 grams,2025-11-30,585,5,
2025-12-06,G,Besan Laddoo Box 200 grams,2025-12-05,213,1,
2025-12-06,B,Badam Katli Box 200 grams,2025-12-04,68,2,
2025-12-06,G,Badam Katli Box 200 grams,2025-12-06,72,0,
2025-12-06,G,Milk Peda Box 200 grams,2025-12-03,545,3,
2025-12-06,C,Badam Katli Box 200 grams,2025-12-06,499,0,
2025-12-07,G,Badam Katli Box 200 grams,2025-12-07,403,0,
2025-12-07,,Kaju Katli Classic Box 200 grams,2025-12-06,378,1,
2025-12-07,G,Pista Burfi Box 200 grams,2025-12-05,103,2,
2025-12-07,G,Milk Peda Box 200 grams,2025-12-06,362,1,
2025-12-07,A,Motichoor Laddoo Box 200 grams,2025-12-06,621,1,
2025-12-08,G,Milk Peda Box 200 grams,2025-12-06,297,2,
2025-12-08,A,Coconut Laddoo Box 200 grams,2025-12-07,128,1,
2025-12-08,A,Milk Peda Box 200 grams,2025-12-01,538,7,
2025-12-08,,Badam Katli Box 200 grams,2025-12-07,288,1,
2025-12-08,A,Coconut Laddoo Box 200 grams,2025-12-07,202,1,
2025-12-09,,Kaju Katli Classic Box 200 grams,2025-12-05,148,4,
2025-12-09,,Besan Laddoo Box 200 grams,2025-12-09,358,0,
2025-12-09,,Pista Burfi Box 200 grams,2025-12-08,394,1,
2025-12-10,C,Motichoor Laddoo Box 200 grams,2025-12-09,456,1,
2025-12-11,,Badam Katli Box 200 grams,2025-12-10,420,1,
2025-12-12,,Milk Peda Box 200 grams,2025-12-12,256,0,
2025-12-13,,Besan Laddoo Box 200 grams,2025-12-13,587,0,
2025-12-13,G,Milk Peda Box 200 grams,2025-12-12,353,1,
2025-12-14,,Badam Katli Box 200 grams,2025-12-11,406,3,
2025-12-15,A,Besan Laddoo Box 200 grams,2025-12-15,673,0,
2025-12-16,,Kaju Katli Classic Box 200 grams,2025-12-15,428,1,
2025-12-16,,Motichoor Laddoo Box 200 grams,2025-12-15,291,1,
2025-12-16,,Badam Katli Box 200 grams,2025-12-16,693,0,
2025-12-18,,Kaju Katli Classic Box 200 grams,2025-12-18,572,0,
2025-12-18,,Kaju Katli Classic Box 200 grams,2025-12-17,298,1,
2025-12-18,,Coconut Laddoo Box 200 grams,2025-12-11,203,7,
2025-12-19,,Coconut Laddoo Box 200 grams,2025-12-19,682,0,
2025-12-19,,Badam Katli Box 200 grams,2025-12-19,602,0,
2025-12-20,G,Mysore Pak Box 200 grams,2025-12-19,112,1,
2025-12-21,G,Coconut Laddoo Box 200 grams,2025-12-20,274,1,
2025-12-21,,Pista Burfi Box 200 grams,2025-12-21,467,0,
2025-12-21,A,Mysore Pak Box 200 grams,2025-12-21,643,0,
2025-12-21,,Besan Laddoo Box 200 grams,2025-12-21,589,0,
2025-12-21,B,Motichoor Laddoo Box 200 grams,2025-12-18,682,3,
2025-12-22,G,Motichoor Laddoo Box 200 grams,2025-12-21,473,1,
2025-12-23,G,Kaju Katli Classic Box 200 grams,2025-12-22,160,1,
2025-12-23,,Badam Katli Box 200 grams,2025-12-22,128,1,
2025-12-24,,Milk Peda Box 200 grams,2025-12-13,170,11,
2025-12-24,,Pista Burfi Box 200 grams,2025-12-21,435,3,
2025-12-25,,Besan Laddoo Box 200 grams,2025-12-25,512,0,
2025-12-25,,Motichoor Laddoo Box 200 grams,2025-12-23,435,2,
2025-12-26,,Kaju Katli Classic Box 200 grams,2025-12-24,282,2,
2025-12-26,,Motichoor Laddoo Box 200 grams,2025-12-19,699,7,
2025-12-26,G,Milk Peda Box 200 grams,2025-12-15,96,11,
2025-12-26,,Motichoor Laddoo Box 200 grams,2025-12-26,128,0,
2025-12-26,,Milk Peda Box 200 grams,2025-12-25,282,1,
2025-12-27,,Pista Burfi Box 200 grams,2025-12-24,223,3,
2025-12-27,B,Kaju Katli Classic Box 200 grams,2025-12-23,432,4,
2025-12-27,,Besan Laddoo Box 200 grams,2025-12-27,621,0,
2025-12-27,,Motichoor Laddoo Box 200 grams,2025-12-23,67,4,
2025-12-27,,Milk Peda Box 200 grams,2025-12-26,269,1,
2025-12-29,G,Pista Burfi Box 200 grams,2025-12-26,697,3,
2025-12-29,,Kaju Katli Classic Box 200 grams,2025-12-27,215,2,
2025-12-29,G,Kaju Katli Classic Box 200 grams,2025-12-28,587,1,
2025-12-29,,Coconut Laddoo Box 200 grams,2025-12-28,473,1,
2025-12-30,,Kaju Katli Classic Box 200 grams,2025-12-30,159,0,
2025-12-30,,Pista Burfi Box 200 grams,2025-12-30,528,0,
2025-12-30,G,Mysore Pak Box 200 grams,2025-12-30,281,0,
2025-12-30,,Mysore Pak Box 200 grams,2025-12-30,96,0,
2025-12-31,,Badam Katli Box 200 grams,2025-12-28,157,3,
2025-12-31,G,Coconut Laddoo Box 200 grams,2025-12-28,229,3,
2025-12-31,G,Besan Laddoo Box 200 grams,2025-12-31,79,0,
2025-12-31,,Kaju Katli Classic Box 200 grams,2025-12-20,153,11,
2026-01-01,,Coconut Laddoo Box 200 grams,2025-12-30,520,2,
2026-01-01,,Kaju Katli Classic Box 200 grams,2025-12-31,72,1,
2026-01-02,A,Motichoor Laddoo Box 200 grams,2025-12-24,232,9,
2026-01-02,B,Kaju Katli Classic Box 200 grams,2026-01-01,541,1,
2026-01-02,C,Motichoor Laddoo Box 200 grams,2026-01-01,458,1,
2026-01-03,,Motichoor Laddoo Box 200 grams,2025-12-30,526,4,
2026-01-03,,Milk Peda Box 200 grams,2026-01-03,214,0,
2026-01-04,,Badam Katli Box 200 grams,2025-12-28,244,7,
2026-01-04,B,Mysore Pak Box 200 grams,2026-01-03,618,1,
2026-01-04,G,Pista Burfi Box 200 grams,2026-01-04,295,0,
2026-01-05,,Besan Laddoo Box 200 grams,2026-01-03,92,2,
2026-01-05,C,Motichoor Laddoo Box 200 grams,2026-01-04,84,1,
2026-01-05,A,Mysore Pak Box 200 grams,2026-01-05,483,0,
2026-01-05,A,Coconut Laddoo Box 200 grams,2026-01-03,189,2,
2026-01-05,,Badam Katli Box 200 grams,2026-01-02,432,3,
2026-01-06,G,Badam Katli Box 200 grams,2026-01-06,98,0,
2026-01-06,,Mysore Pak Box 200 grams,2026-01-06,71,0,
2026-01-06,G,Mysore Pak Box 200 grams,2026-01-05,678,1,
2026-01-07,A,Motichoor Laddoo Box 200 grams,2026-01-04,75,3,
2026-01-07,,Mysore Pak Box 200 grams,2025-12-31,163,7,
2026-01-07,A,Coconut Laddoo Box 200 grams,2026-01-07,384,0,
2026-01-08,,Badam Katli Box 200 grams,2026-01-07,399,1,
2026-01-08,G,Pista Burfi Box 200 grams,2026-01-08,290,0,
2026-01-08,,Besan Laddoo Box 200 grams,2026-01-07,333,1,
2026-01-09,,Mysore Pak Box 200 grams,2026-01-09,188,0,
2026-01-09,,Pista Burfi Box 200 grams,2026-01-08,156,1,
2026-01-09,G,Kaju Katli Classic Box 200 grams,2026-01-09,624,0,
2026-01-11,G,Mysore Pak Box 200 grams,2026-01-08,517,3,
2026-01-11,G,Mysore Pak Box 200 grams,2026-01-11,170,0,
2026-01-11,,Milk Peda Box 200 grams,2026-01-08,568,3,
2026-01-12,,Motichoor Laddoo Box 200 grams,2026-01-11,142,1,
2026-01-12,G,Pista Burfi Box 200 grams,2026-01-11,439,1,
2026-01-12,B,Mysore Pak Box 200 grams,2026-01-12,485,0,
2026-01-12,,Besan Laddoo Box 200 grams,2026-01-12,373,0,
2026-01-13,G,Mysore Pak Box 200 grams,2026-01-12,677,1,
2026-01-13,,Motichoor Laddoo Box 200 grams,2026-01-12,599,1,
2026-01-13,,Besan Laddoo Box 200 grams,2026-01-12,225,1,
2026-01-14,,Pista Burfi Box 200 grams,2026-01-12,121,2,
2026-01-14,G,Besan Laddoo Box 200 grams,2026-01-03,162,11,
2026-01-14,,Coconut Laddoo Box 200 grams,2026-01-14,190,0,
2026-01-14,,Pista Burfi Box 200 grams,2026-01-14,479,0,
2026-01-14,,Badam Katli Box 200 grams,2026-01-12,431,2,
2026-01-16,G,Mysore Pak Box 200 grams,2026-01-14,234,2,
2026-01-16,G,Motichoor Laddoo Box 200 grams,2026-01-15,177,1,
2026-01-17,G,Pista Burfi Box 200 grams,2026-01-16,605,1,
2026-01-17,B,Motichoor Laddoo Box 200 grams,2026-01-17,362,0,
2026-01-17,,Besan Laddoo Box 200 grams,2026-01-17,692,0,
2026-01-18,,Motichoor Laddoo Box 200 grams,2026-01-17,359,1,
2026-01-18,G,Pista Burfi Box 200 grams,2026-01-18,431,0,
2026-01-19,,Besan Laddoo Box 200 grams,2026-01-17,91,2,
2026-01-19,,Kaju Katli Classic Box 200 grams,2026-01-17,201,2,
2026-01-19,,Badam Katli Box 200 grams,2026-01-19,401,0,
2026-01-20,,Kaju Katli Classic Box 200 grams,2026-01-20,401,0,
2026-01-20,G,Kaju Katli Classic Box 200 grams,2026-01-19,464,1,
2026-01-20,,Besan Laddoo Box 200 grams,2026-01-20,201,0,
2026-01-20,,Kaju Katli Classic Box 200 grams,2026-01-20,246,0,
2026-01-20,,Badam Katli Box 200 grams,2026-01-19,165,1,
2026-01-22,G,Kaju Katli Classic Box 200 grams,2026-01-11,673,11,
2026-01-24,,Pista Burfi Box 200 grams,2026-01-23,689,1,
2026-01-25,,Milk Peda Box 200 grams,2026-01-25,254,0,
2026-01-26,G,Besan Laddoo Box 200 grams,2026-01-26,437,0,
2026-01-26,B,Coconut Laddoo Box 200 grams,2026-01-21,458,5,
2026-01-26,A,Besan Laddoo Box 200 grams,2026-01-24,486,2,
2026-01-26,,Pista Burfi Box 200 grams,2026-01-24,199,2,
2026-01-26,G,Pista Burfi Box 200 grams,2026-01-25,628,1,
2026-01-27,G,Badam Katli Box 200 grams,2026-01-27,394,0,
2026-01-27,,Kaju Katli Classic Box 200 grams,2026-01-27,513,0,
2026-01-29,G,Pista Burfi Box 200 grams,2026-01-27,301,2,
2026-01-30,,Badam Katli Box 200 grams,2026-01-30,172,0,
2026-01-30,A,Pista Burfi Box 200 grams,2026-01-29,77,1,
2026-02-02,G,Besan Laddoo Box 200 grams,2026-02-02,486,0,
2026-02-02,,Mysore Pak Box 200 grams,2026-02-01,362,1,
2026-02-02,,Badam Katli Box 200 grams,2026-01-24,496,9,
2026-02-02,,Milk Peda Box 200 grams,2026-02-01,607,1,
2026-02-02,G,Milk Peda Box 200 grams,2026-01-29,660,4,
2026-02-04,,Kaju Katli Classic Box 200 grams,2026-01-26,234,9,
2026-02-05,,Mysore Pak Box 200 grams,2026-02-04,646,1,
2026-02-05,G,Kaju Katli Classic Box 200 grams,2026-02-05,293,0,
2026-02-06,,Badam Katli Box 200 grams,2026-02-05,96,1,
2026-02-06,,Coconut Laddoo Box 200 grams,2026-02-06,546,0,
2026-02-06,,Mysore Pak Box 200 grams,2026-02-06,684,0,
2026-02-06,A,Milk Peda Box 200 grams,2026-02-05,60,1,
2026-02-06,,Motichoor Laddoo Box 200 grams,2026-02-06,183,0,
2026-02-07,,Milk Peda Box 200 grams,2026-02-02,339,5,
2026-02-07,,Badam Katli Box 200 grams,2026-02-06,498,1,
2026-02-08,,Badam Katli Box 200 grams,2026-02-07,117,1,
2026-02-08,G,Milk Peda Box 200 grams,2026-02-06,235,2,
2026-02-08,,Milk Peda Box 200 grams,2026-02-06,94,2,
2026-02-08,,Motichoor Laddoo Box 200 grams,2026-02-08,124,0,
2026-02-08,,Badam Katli Box 200 grams,2026-02-07,543,1,
2026-02-10,G,Coconut Laddoo Box 200 grams,2026-02-09,517,1,
2026-02-10,,Milk Peda Box 200 grams,2026-02-10,333,0,
2026-02-10,G,Motichoor Laddoo Box 200 grams,2026-02-09,342,1,
2026-02-11,,Badam Katli Box 200 grams,2026-02-07,529,4,
2026-02-11,A,Coconut Laddoo Box 200 grams,2026-02-10,664,1,
2026-02-11,C,Pista Burfi Box 200 grams,2026-02-11,633,0,
2026-02-14,,Milk Peda Box 200 grams,2026-02-14,556,0,
2026-02-14,,Coconut Laddoo Box 200 grams,2026-02-13,247,1,
2026-02-14,,Coconut Laddoo Box 200 grams,2026-02-14,183,0,
2026-02-14,G,Motichoor Laddoo Box 200 grams,2026-02-14,306,0,
2026-02-14,G,Badam Katli Box 200 grams,2026-02-14,106,0,
2026-02-15,G,Motichoor Laddoo Box 200 grams,2026-02-13,491,2,
2026-02-16,G,Kaju Katli Classic Box 200 grams,2026-02-14,608,2,
2026-02-16,,Milk Peda Box 200 grams,2026-02-15,670,1,
2026-02-16,,Coconut Laddoo Box 200 grams,2026-02-15,311,1,
2026-02-16,,Milk Peda Box 200 grams,2026-02-11,93,5,
2026-02-16,,Badam Katli Box 200 grams,2026-02-16,304,0,
2026-02-17,,Pista Burfi Box 200 grams,2026-02-17,373,0,
2026-02-17,,Badam Katli Box 200 grams,2026-02-06,495,11,
2026-02-18,,Pista Burfi Box 200 grams,2026-02-18,138,0,
2026-02-18,G,Pista Burfi Box 200 grams,2026-02-18,387,0,
2026-02-18,C,Badam Katli Box 200 grams,2026-02-17,290,1,
2026-02-22,,Mysore Pak Box 200 grams,2026-02-13,665,9,
2026-02-23,,Pista Burfi Box 200 grams,2026-02-23,592,0,
2026-02-23,A,Milk Peda Box 200 grams,2026-02-23,340,0,
2026-02-23,G,Mysore Pak Box 200 grams,2026-02-18,333,5,
2026-02-24,,Motichoor Laddoo Box 200 grams,2026-02-24,652,0,
2026-02-24,,Coconut Laddoo Box 200 grams,2026-02-24,426,0,
2026-02-24,,Pista Burfi Box 200 grams,2026-02-22,392,2,
2026-02-24,,Kaju Katli Classic Box 200 grams,2026-02-24,672,0,
2026-02-24,,Besan Laddoo Box 200 grams,2026-02-20,441,4,
2026-02-25,,Badam Katli Box 200 grams,2026-02-20,50,5,
2026-02-25,G,Besan Laddoo Box 200 grams,2026-02-16,238,9,
2026-02-26,,Kaju Katli Classic Box 200 grams,2026-02-24,477,2,
2026-02-26,G,Badam Katli Box 200 grams,2026-02-22,234,4,
2026-02-26,,Coconut Laddoo Box 200 grams,2026-02-25,612,1,
2026-02-26,G,Besan Laddoo Box 200 grams,2026-02-25,148,1,
2026-02-26,,Pista Burfi Box 200 grams,2026-02-25,467,1,
2026-02-27,,Milk Peda Box 200 grams,2026-02-26,458,1,
2026-02-27,,Besan Laddoo Box 200 grams,2026-02-24,258,3,
2026-02-27,,Badam Katli Box 200 grams,2026-02-26,120,1,
2026-02-27,,Besan Laddoo Box 200 grams,2026-02-27,613,0,
2026-02-27,,Badam Katli Box 200 grams,2026-02-27,685,0,
2026-02-28,,Motichoor Laddoo Box 200 grams,2026-02-27,567,1,
2026-03-01,G,Mysore Pak Box 200 grams,2026-02-28,525,1,
2026-03-01,,Besan Laddoo Box 200 grams,2026-02-28,100,1,
2026-03-01,,Coconut Laddoo Box 200 grams,2026-02-26,387,3,
2026-03-02,,Badam Katli Box 200 grams,2026-03-02,111,0,
2026-03-02,,Badam Katli Box 200 grams,2026-03-01,264,1,
2026-03-02,,Besan Laddoo Box 200 grams,2026-03-01,661,1,
2026-03-03,A,Badam Katli Box 200 grams,2026-03-02,162,1,
2026-03-03,,Kaju Katli Classic Box 200 grams,2026-03-01,597,2,
2026-03-03,,Coconut Laddoo Box 200 grams,2026-03-03,117,0,
2026-03-03,,Coconut Laddoo Box 200 grams,2026-02-28,523,3,
2026-03-03,A,Pista Burfi Box 200 grams,2026-03-01,320,2,
2026-03-05,,Besan Laddoo Box 200 grams,2026-03-04,604,1,
2026-03-05,,Kaju Katli Classic Box 200 grams,2026-03-04,591,1,
2026-03-06,,Kaju Katli Classic Box 200 grams,2026-03-05,66,1,
2026-03-07,,Badam Katli Box 200 grams,2026-03-04,378,3,
2026-03-07,,Milk Peda Box 200 grams,2026-02-24,698,11,
2026-03-07,,Coconut Laddoo Box 200 grams,2026-03-05,175,2,
2026-03-07,,Motichoor Laddoo Box 200 grams,2026-03-02,498,5,
2026-03-07,,Pista Burfi Box 200 grams,2026-03-07,541,0,
2026-03-08,,Mysore Pak Box 200 grams,2026-03-04,624,4,
2026-03-08,,Milk Peda Box 200 grams,2026-03-07,630,1,
2026-03-08,,Coconut Laddoo Box 200 grams,2026-03-06,349,2,
2026-03-09,B,Badam Katli Box 200 grams,2026-02-28,93,9,
2026-03-10,C,Milk Peda Box 200 grams,2026-03-07,158,3,
2026-03-10,G,Kaju Katli Classic Box 200 grams,2026-03-07,595,3,
2026-03-11,,Pista Burfi Box 200 grams,2026-03-10,345,1,
2026-03-11,,Besan Laddoo Box 200 grams,2026-03-09,204,2,
2026-03-12,,Motichoor Laddoo Box 200 grams,2026-03-12,247,0,
2026-03-13,,Besan Laddoo Box 200 grams,2026-03-12,699,1,
2026-03-13,,Besan Laddoo Box 200 grams,2026-03-13,355,0,
2026-03-13,G,Pista Burfi Box 200 grams,2026-03-13,630,0,
2026-03-14,A,Motichoor Laddoo Box 200 grams,2026-03-14,633,0,
2026-03-15,,Coconut Laddoo Box 200 grams,2026-03-15,498,0,
2026-03-15,G,Besan Laddoo Box 200 grams,2026-03-13,266,2,
2026-03-16,,Milk Peda Box 200 grams,2026-03-15,332,1,
2026-03-17,G,Milk Peda Box 200 grams,2026-03-16,522,1,
2026-03-17,G,Motichoor Laddoo Box 200 grams,2026-03-16,499,1,
2026-03-17,,Badam Katli Box 200 grams,2026-03-14,370,3,
2026-03-17,,Badam Katli Box 200 grams,2026-03-15,598,2,
2026-03-18,B,Motichoor Laddoo Box 200 grams,2026-03-17,487,1,
2026-03-18,G,Badam Katli Box 200 grams,2026-03-07,171,11,
2026-03-18,,Kaju Katli Classic Box 200 grams,2026-03-17,601,1,
2026-03-18,,Milk Peda Box 200 grams,2026-03-18,250,0,
2026-03-19,,Badam Katli Box 200 grams,2026-03-19,61,0,
2026-03-19,,Milk Peda Box 200 grams,2026-03-14,133,5,
2026-03-19,A,Coconut Laddoo Box 200 grams,2026-03-18,536,1,
2026-03-20,,Badam Katli Box 200 grams,2026-03-20,417,0,
2026-03-20,,Kaju Katli Classic Box 200 grams,2026-03-19,193,1,
2026-03-20,A,Badam Katli Box 200 grams,2026-03-19,580,1,
2026-03-20,,Besan Laddoo Box 200 grams,2026-03-20,133,0,
2026-03-21,,Besan Laddoo Box 200 grams,2026-03-20,302,1,
2026-03-21,A,Besan Laddoo Box 200 grams,2026-03-14,346,7,
2026-03-21,,Motichoor Laddoo Box 200 grams,2026-03-20,137,1,
2026-03-22,G,Mysore Pak Box 200 grams,2026-03-20,585,2,
2026-03-22,G,Badam Katli Box 200 grams,2026-03-21,103,1,
2026-03-22,,Milk Peda Box 200 grams,2026-03-21,476,1,
2026-03-23,,Mysore Pak Box 200 grams,2026-03-22,235,1,
2026-03-24,C,Motichoor Laddoo Box 200 grams,2026-03-15,593,9,
2026-03-24,,Badam Katli Box 200 grams,2026-03-23,328,1,
2026-03-24,G,Mysore Pak Box 200 grams,2026-03-23,426,1,
2026-03-24,B,Mysore Pak Box 200 grams,2026-03-23,235,1,
2026-03-25,G,Kaju Katli Classic Box 200 grams,2026-03-25,635,0,
2026-03-25,G,Besan Laddoo Box 200 grams,2026-03-25,284,0,
2026-03-26,,Pista Burfi Box 200 grams,2026-03-19,171,7,
2026-03-27,,Motichoor Laddoo Box 200 grams,2026-03-25,241,2,
2026-03-27,G,Coconut Laddoo Box 200 grams,2026-03-25,476,2,
2026-03-27,,Kaju Katli Classic Box 200 grams,2026-03-26,402,1,
2026-03-27,A,Besan Laddoo Box 200 grams,2026-03-26,679,1,
2026-03-27,,Mysore Pak Box 200 grams,2026-03-26,385,1,
2026-03-28,B,Pista Burfi Box 200 grams,2026-03-24,655,4,
2026-03-28,A,Milk Peda Box 200 grams,2026-03-17,576,11,
2026-03-28,,Besan Laddoo Box 200 grams,2026-03-27,390,1,
2026-03-28,A,Milk Peda Box 200 grams,2026-03-27,168,1,
2026-03-29,B,Besan Laddoo Box 200 grams,2026-03-27,242,2,
2026-03-29,G,Pista Burfi Box 200 grams,2026-03-28,617,1,
2026-03-29,,Milk Peda Box 200 grams,2026-03-28,56,1,
2026-03-29,G,Milk Peda Box 200 grams,2026-03-29,165,0,
2026-03-31,,Coconut Laddoo Box 200 grams,2026-03-30,70,1,
2026-03-31,,Mysore Pak Box 200 grams,2026-03-24,603,7,
2026-03-31,,Pista Burfi Box 200 grams,2026-03-30,349,1,
2026-03-31,,Mysore Pak Box 200 grams,2026-03-30,562,1,
2026-03-31,,Kaju Katli Classic Box 200 grams,2026-03-29,589,2,
2026-04-01,,Kaju Katli Classic Box 200 grams,2026-03-30,557,2,
2026-04-01,G,Motichoor Laddoo Box 200 grams,2026-03-28,555,4,
2026-04-02,,Motichoor Laddoo Box 200 grams,2026-04-02,246,0,
2026-04-02,G,Milk Peda Box 200 grams,2026-04-02,383,0,
2026-04-03,G,Besan Laddoo Box 200 grams,2026-04-02,441,1,
2026-04-03,,Besan Laddoo Box 200 grams,2026-04-01,264,2,
2026-04-03,,Pista Burfi Box 200 grams,2026-04-03,298,0,
2026-04-04,G,Kaju Katli Classic Box 200 grams,2026-04-02,459,2,
2026-04-04,,Besan Laddoo Box 200 grams,2026-04-04,261,0,
2026-04-04,A,Besan Laddoo Box 200 grams,2026-04-04,54,0,
2026-04-05,,Coconut Laddoo Box 200 grams,2026-04-05,273,0,
2026-04-05,G,Besan Laddoo Box 200 grams,2026-04-03,426,2,
2026-04-06,A,Pista Burfi Box 200 grams,2026-03-26,542,11,
2026-04-06,A,Besan Laddoo Box 200 grams,2026-04-06,270,0,
2026-04-06,G,Kaju Katli Classic Box 200 grams,2026-04-05,314,1,
2026-04-06,,Pista Burfi Box 200 grams,2026-04-04,367,2,
2026-04-07,,Coconut Laddoo Box 200 grams,2026-04-06,255,1,
2026-04-07,B,Coconut Laddoo Box 200 grams,2026-04-07,352,0,
2026-04-08,,Pista Burfi Box 200 grams,2026-04-05,321,3,
2026-04-08,,Milk Peda Box 200 grams,2026-04-07,400,1,
2026-04-08,C,Pista Burfi Box 200 grams,2026-04-08,380,0,
2026-04-08,,Kaju Katli Classic Box 200 grams,2026-04-06,589,2,
2026-04-08,B,Coconut Laddoo Box 200 grams,2026-04-06,283,2,
2026-04-09,,Badam Katli Box 200 grams,2026-04-07,539,2,
2026-04-10,,Mysore Pak Box 200 grams,2026-04-07,284,3,
2026-04-10,,Pista Burfi Box 200 grams,2026-04-07,189,3,
2026-04-10,,Kaju Katli Classic Box 200 grams,2026-04-07,148,3,
2026-04-10,B,Kaju Katli Classic Box 200 grams,2026-04-10,390,0,
2026-04-10,G,Coconut Laddoo Box 200 grams,2026-04-09,286,1,
2026-04-11,,Pista Burfi Box 200 grams,2026-04-11,143,0,
2026-04-11,A,Besan Laddoo Box 200 grams,2026-04-06,313,5,
2026-04-11,A,Kaju Katli Classic Box 200 grams,2026-04-09,51,2,
2026-04-12,A,Kaju Katli Classic Box 200 grams,2026-04-07,461,5,
2026-04-13,C,Kaju Katli Classic Box 200 grams,2026-04-12,290,1,
2026-04-13,,Besan Laddoo Box 200 grams,2026-04-11,328,2,
2026-04-13,C,Besan Laddoo Box 200 grams,2026-04-12,584,1,
2026-04-13,,Coconut Laddoo Box 200 grams,2026-04-11,570,2,
2026-04-14,,Besan Laddoo Box 200 grams,2026-04-14,90,0,
2026-04-14,G,Milk Peda Box 200 grams,2026-04-14,63,0,
2026-04-14,,Motichoor Laddoo Box 200 grams,2026-04-13,406,1,
2026-04-15,,Besan Laddoo Box 200 grams,2026-04-08,637,7,
2026-04-15,C,Pista Burfi Box 200 grams,2026-04-15,500,0,
2026-04-15,,Pista Burfi Box 200 grams,2026-04-14,610,1,
2026-04-17,,Badam Katli Box 200 grams,2026-04-16,547,1,
2026-04-17,,Mysore Pak Box 200 grams,2026-04-16,648,1,
2026-04-17,G,Pista Burfi Box 200 grams,2026-04-17,238,0,
2026-04-17,,Pista Burfi Box 200 grams,2026-04-17,395,0,
2026-04-18,,Motichoor Laddoo Box 200 grams,2026-04-17,470,1,
2026-04-18,,Pista Burfi Box 200 grams,2026-04-15,167,3,
2026-04-18,A,Badam Katli Box 200 grams,2026-04-15,424,3,
2026-04-19,B,Besan Laddoo Box 200 grams,2026-04-17,255,2,
2026-04-19,B,Kaju Katli Classic Box 200 grams,2026-04-15,649,4,
2026-04-19,A,Pista Burfi Box 200 grams,2026-04-19,282,0,
2026-04-19,G,Besan Laddoo Box 200 grams,2026-04-14,606,5,
2026-04-22,,Pista Burfi Box 200 grams,2026-04-19,238,3,
2026-04-22,,Milk Peda Box 200 grams,2026-04-22,693,0,
2026-04-22,G,Badam Katli Box 200 grams,2026-04-22,284,0,
2026-04-23,,Milk Peda Box 200 grams,2026-04-23,137,0,
2026-04-23,,Pista Burfi Box 200 grams,2026-04-21,74,2,
2026-04-24,,Motichoor Laddoo Box 200 grams,2026-04-24,313,0,
2026-04-24,A,Mysore Pak Box 200 grams,2026-04-24,440,0,
2026-04-26,,Pista Burfi Box 200 grams,2026-04-25,489,1,
2026-04-26,G,Milk Peda Box 200 grams,2026-04-26,672,0,
2026-04-26,,Mysore Pak Box 200 grams,2026-04-23,130,3,
2026-04-26,C,Coconut Laddoo Box 200 grams,2026-04-21,165,5,
2026-04-27,,Besan Laddoo Box 200 grams,2026-04-26,104,1,
2026-04-27,,Pista Burfi Box 200 grams,2026-04-24,619,3,
2026-04-27,G,Pista Burfi Box 200 grams,2026-04-24,672,3,
2026-04-29,,Coconut Laddoo Box 200 grams,2026-04-29,628,0,
2026-04-29,,Besan Laddoo Box 200 grams,2026-04-28,393,1,
2026-04-29,,Pista Burfi Box 200 grams,2026-04-29,491,0,
2026-04-29,,Milk Peda Box 200 grams,2026-04-28,131,1,
2026-04-29,,Milk Peda Box 200 grams,2026-04-25,360,4,
2026-04-30,,Kaju Katli Classic Box 200 grams,2026-04-29,188,1,
2026-05-02,G,Kaju Katli Classic Box 200 grams,2026-05-02,630,0,
2026-05-02,,Coconut Laddoo Box 200 grams,2026-04-30,92,2,
2026-05-03,G,Coconut Laddoo Box 200 grams,2026-05-03,380,0,
2026-05-03,,Motichoor Laddoo Box 200 grams,2026-04-26,136,7,
2026-05-03,G,Milk Peda Box 200 grams,2026-05-01,445,2,
2026-05-04,G,Motichoor Laddoo Box 200 grams,2026-05-04,579,0,
2026-05-04,,Coconut Laddoo Box 200 grams,2026-05-03,352,1,
2026-05-04,A,Mysore Pak Box 200 grams,2026-05-04,262,0,
2026-05-04,A,Badam Katli Box 200 grams,2026-05-02,614,2,
2026-05-05,G,Milk Peda Box 200 grams,2026-05-05,124,0,
2026-05-05,,Coconut Laddoo Box 200 grams,2026-05-05,113,0,
2026-05-06,,Mysore Pak Box 200 grams,2026-05-05,404,1,
2026-05-06,B,Coconut Laddoo Box 200 grams,2026-05-06,252,0,
2026-05-06,G,Milk Peda Box 200 grams,2026-05-05,75,1,
2026-05-06,G,Coconut Laddoo Box 200 grams,2026-05-05,206,1,
2026-05-07,,Coconut Laddoo Box 200 grams,2026-05-06,77,1,
2026-05-07,,Mysore Pak Box 200 grams,2026-05-06,307,1,
2026-05-07,,Pista Burfi Box 200 grams,2026-05-05,627,2,
2026-05-09,A,Besan Laddoo Box 200 grams,2026-05-09,463,0,
2026-05-09,,Pista Burfi Box 200 grams,2026-05-06,611,3,
2026-05-09,,Badam Katli Box 200 grams,2026-05-08,572,1,
2026-05-09,,Mysore Pak Box 200 grams,2026-05-05,73,4,
2026-05-09,G,Milk Peda Box 200 grams,2026-05-08,520,1,
2026-05-10,C,Besan Laddoo Box 200 grams,2026-05-08,295,2,
2026-05-10,,Mysore Pak Box 200 grams,2026-05-09,242,1,
2026-05-10,,Motichoor Laddoo Box 200 grams,2026-05-10,241,0,
2026-05-10,A,Milk Peda Box 200 grams,2026-05-06,356,4,
2026-05-10,,Coconut Laddoo Box 200 grams,2026-05-10,411,0,
2026-05-11,A,Mysore Pak Box 200 grams,2026-05-10,667,1,
2026-05-11,G,Motichoor Laddoo Box 200 grams,2026-05-08,501,3,
2026-05-12,C,Besan Laddoo Box 200 grams,2026-05-12,415,0,
2026-05-12,G,Badam Katli Box 200 grams,2026-05-09,243,3,
2026-05-12,,Coconut Laddoo Box 200 grams,2026-05-11,454,1,
2026-05-12,,Badam Katli Box 200 grams,2026-05-07,103,5,
2026-05-13,,Milk Peda Box 200 grams,2026-05-08,172,5,
2026-05-13,A,Motichoor Laddoo Box 200 grams,2026-05-13,194,0,
2026-05-13,A,Besan Laddoo Box 200 grams,2026-05-13,141,0,
2026-05-13,,Mysore Pak Box 200 grams,2026-05-13,422,0,
2026-05-13,,Badam Katli Box 200 grams,2026-05-12,50,1,
2026-05-14,,Motichoor Laddoo Box 200 grams,2026-05-11,626,3,
2026-05-14,,Besan Laddoo Box 200 grams,2026-05-14,683,0,
2026-05-14,,Kaju Katli Classic Box 200 grams,2026-05-13,503,1,
2026-05-15,A,Badam Katli Box 200 grams,2026-05-14,659,1,
2026-05-15,,Badam Katli Box 200 grams,2026-05-15,667,0,
2026-05-15,A,Pista Burfi Box 200 grams,2026-05-14,74,1,
2026-05-15,G,Pista Burfi Box 200 grams,2026-05-13,428,2,
2026-05-15,C,Mysore Pak Box 200 grams,2026-05-15,482,0,
2026-05-16,B,Mysore Pak Box 200 grams,2026-05-14,458,2,
2026-05-16,G,Mysore Pak Box 200 grams,2026-05-12,300,4,
2026-05-17,A,Motichoor Laddoo Box 200 grams,2026-05-13,143,4,
2026-05-17,B,Mysore Pak Box 200 grams,2026-05-14,441,3,
2026-05-17,C,Coconut Laddoo Box 200 grams,2026-05-16,141,1,
2026-05-17,A,Badam Katli Box 200 grams,2026-05-15,120,2,
2026-05-18,,Coconut Laddoo Box 200 grams,2026-05-17,219,1,
2026-05-19,G,Pista Burfi Box 200 grams,2026-05-19,265,0,
2026-05-19,,Kaju Katli Classic Box 200 grams,2026-05-17,128,2,
2026-05-19,,Coconut Laddoo Box 200 grams,2026-05-18,412,1,
2026-05-19,G,Kaju Katli Classic Box 200 grams,2026-05-17,234,2,
2026-05-19,,Coconut Laddoo Box 200 grams,2026-05-19,479,0,
2026-05-20,,Besan Laddoo Box 200 grams,2026-05-19,624,1,
2026-05-21,A,Besan Laddoo Box 200 grams,2026-05-20,493,1,
2026-05-21,,Coconut Laddoo Box 200 grams,2026-05-20,478,1,
2026-05-21,,Mysore Pak Box 200 grams,2026-05-21,516,0,
2026-05-21,,Badam Katli Box 200 grams,2026-05-19,691,2,
2026-05-21,,Coconut Laddoo Box 200 grams,2026-05-10,376,11,
2026-05-22,,Motichoor Laddoo Box 200 grams,2026-05-22,390,0,
2026-05-22,,Kaju Katli Classic Box 200 grams,2026-05-20,194,2,
2026-05-22,,Kaju Katli Classic Box 200 grams,2026-05-21,497,1,
2026-05-23,A,Badam Katli Box 200 grams,2026-05-22,336,1,
2026-05-23,,Motichoor Laddoo Box 200 grams,2026-05-22,241,1,
2026-05-23,,Besan Laddoo Box 200 grams,2026-05-21,130,2,
2026-05-23,,Coconut Laddoo Box 200 grams,2026-05-12,541,11,
2026-05-24,,Milk Peda Box 200 grams,2026-05-24,194,0,
2026-05-25,,Milk Peda Box 200 grams,2026-05-22,664,3,
2026-05-25,,Badam Katli Box 200 grams,2026-05-25,226,0,
2026-05-25,G,Coconut Laddoo Box 200 grams,2026-05-21,475,4,
2026-05-26,,Mysore Pak Box 200 grams,2026-05-26,309,0,
2026-05-26,,Milk Peda Box 200 grams,2026-05-23,369,3,
2026-05-26,G,Badam Katli Box 200 grams,2026-05-22,557,4,
2026-05-26,,Pista Burfi Box 200 grams,2026-05-23,145,3,
2026-05-28,G,Milk Peda Box 200 grams,2026-05-24,398,4,
2026-05-30,G,Coconut Laddoo Box 200 grams,2026-05-30,587,0,
2026-05-30,G,Motichoor Laddoo Box 200 grams,2026-05-30,681,0,
2026-05-30,C,Badam Katli Box 200 grams,2026-05-19,631,11,
2026-05-31,C,Badam Katli Box 200 grams,2026-05-28,677,3,
2026-05-31,,Besan Laddoo Box 200 grams,2026-05-29,406,2,
2026-05-31,,Kaju Katli Classic Box 200 grams,2026-05-31,638,0,
2026-05-31,A,Mysore Pak Box 200 grams,2026-05-29,408,2,
2026-06-02,,Motichoor Laddoo Box 200 grams,2026-06-01,102,1,
2026-06-02,,Besan Laddoo Box 200 grams,2026-06-02,546,0,
2026-06-02,,Kaju Katli Classic Box 200 grams,2026-05-31,385,2,
2026-06-03,A,Motichoor Laddoo Box 200 grams,2026-06-03,125,0,
2026-06-03,,Besan Laddoo Box 200 grams,2026-05-30,411,4,
2026-06-03,G,Kaju Katli Classic Box 200 grams,2026-05-29,629,5,
2026-06-03,,Milk Peda Box 200 grams,2026-06-03,309,0,
2026-06-03,A,Badam Katli Box 200 grams,2026-06-02,581,1,
2026-06-06,,Mysore Pak Box 200 grams,2026-06-05,518,1,
2026-06-06,,Besan Laddoo Box 200 grams,2026-06-06,181,0,
2026-06-06,,Besan Laddoo Box 200 grams,2026-06-06,319,0,
2026-06-07,B,Pista Burfi Box 200 grams,2026-06-07,137,0,
2026-06-09,,Besan Laddoo Box 200 grams,2026-06-09,553,0,
2026-06-10,,Milk Peda Box 200 grams,2026-06-07,222,3,
2026-06-10,A,Besan Laddoo Box 200 grams,2026-06-01,110,9,
2026-06-10,A,Milk Peda Box 200 grams,2026-06-06,172,4,
2026-06-10,,Milk Peda Box 200 grams,2026-05-30,578,11,
2026-06-10,,Besan Laddoo Box 200 grams,2026-06-10,68,0,
2026-06-11,,Coconut Laddoo Box 200 grams,2026-06-07,233,4,
2026-06-11,,Mysore Pak Box 200 grams,2026-06-11,333,0,
2026-06-11,,Coconut Laddoo Box 200 grams,2026-06-09,311,2,
2026-06-11,,Besan Laddoo Box 200 grams,2026-06-10,554,1,
2026-06-11,,Kaju Katli Classic Box 200 grams,2026-06-09,103,2,
2026-06-12,A,Badam Katli Box 200 grams,2026-06-11,573,1,
2026-06-12,,Besan Laddoo Box 200 grams,2026-06-11,130,1,
2026-06-12,,Pista Burfi Box 200 grams,2026-06-10,593,2,
2026-06-12,A,Badam Katli Box 200 grams,2026-06-10,120,2,
2026-06-12,,Milk Peda Box 200 grams,2026-06-10,332,2,
2026-06-13,A,Milk Peda Box 200 grams,2026-06-12,370,1,
2026-06-13,,Mysore Pak Box 200 grams,2026-06-11,228,2,
2026-06-13,,Pista Burfi Box 200 grams,2026-06-13,208,0,
2026-06-14,A,Besan Laddoo Box 200 grams,2026-06-13,98,1,
2026-06-14,,Kaju Katli Classic Box 200 grams,2026-06-13,301,1,
2026-06-14,,Kaju Katli Classic Box 200 grams,2026-06-09,370,5,
2026-06-15,,Coconut Laddoo Box 200 grams,2026-06-11,387,4,
2026-06-15,G,Pista Burfi Box 200 grams,2026-06-15,181,0,
2026-06-15,,Motichoor Laddoo Box 200 grams,2026-06-06,497,9,
2026-06-16,C,Pista Burfi Box 200 grams,2026-06-15,60,1,
2026-06-16,,Coconut Laddoo Box 200 grams,2026-06-15,422,1,
2026-06-16,G,Pista Burfi Box 200 grams,2026-06-14,271,2,
2026-06-17,,Badam Katli Box 200 grams,2026-06-17,542,0,
2026-06-17,,Milk Peda Box 200 grams,2026-06-17,352,0,
2026-06-17,,Mysore Pak Box 200 grams,2026-06-16,574,1,
2026-06-17,G,Pista Burfi Box 200 grams,2026-06-17,337,0,
2026-06-17,,Milk Peda Box 200 grams,2026-06-16,64,1,
2026-06-18,B,Kaju Katli Classic Box 200 grams,2026-06-17,467,1,
2026-06-18,,Milk Peda Box 200 grams,2026-06-18,552,0,
2026-06-18,,Kaju Katli Classic Box 200 grams,2026-06-16,594,2,
2026-06-18,C,Badam Katli Box 200 grams,2026-06-18,294,0,
2026-06-19,,Besan Laddoo Box 200 grams,2026-06-15,204,4,
2026-06-19,,Coconut Laddoo Box 200 grams,2026-06-18,548,1,
2026-06-19,,Kaju Katli Classic Box 200 grams,2026-06-18,425,1,
2026-06-19,,Milk Peda Box 200 grams,2026-06-18,243,1,
2026-06-20,,Kaju Katli Classic Box 200 grams,2026-06-19,620,1,
2026-06-21,,Kaju Katli Classic Box 200 grams,2026-06-21,338,0,
2026-06-22,G,Pista Burfi Box 200 grams,2026-06-17,278,5,
2026-06-22,,Kaju Katli Classic Box 200 grams,2026-06-22,175,0,
2026-06-23,,Kaju Katli Classic Box 200 grams,2026-06-21,468,2,
2026-06-23,B,Pista Burfi Box 200 grams,2026-06-22,182,1,
2026-06-23,,Besan Laddoo Box 200 grams,2026-06-19,273,4,
2026-06-23,,Milk Peda Box 200 grams,2026-06-20,209,3,
2026-06-23,,Milk Peda Box 200 grams,2026-06-22,580,1,
2026-06-24,A,Badam Katli Box 200 grams,2026-06-23,358,1,
2026-06-24,,Badam Katli Box 200 grams,2026-06-22,117,2,
2026-06-25,C,Milk Peda Box 200 grams,2026-06-23,403,2,
2026-06-26,,Kaju Katli Classic Box 200 grams,2026-06-24,404,2,
2026-06-28,,Pista Burfi Box 200 grams,2026-06-27,122,1,
2026-06-28,,Milk Peda Box 200 grams,2026-06-28,449,0,
2026-06-28,,Coconut Laddoo Box 200 grams,2026-06-27,534,1,
2026-06-28,,Badam Katli Box 200 grams,2026-06-17,282,11,
2026-06-28,,Coconut Laddoo Box 200 grams,2026-06-27,472,1,
2026-06-29,G,Badam Katli Box 200 grams,2026-06-28,451,1,
2026-06-29,,Milk Peda Box 200 grams,2026-06-28,587,1,
2026-06-29,A,Pista Burfi Box 200 grams,2026-06-29,333,0,
2026-06-29,,Mysore Pak Box 200 grams,2026-06-28,453,1,
2026-06-30,,Badam Katli Box 200 grams,2026-06-30,546,0,
2026-06-30,,Motichoor Laddoo Box 200 grams,2026-06-27,472,3,
2026-06-30,G,Mysore Pak Box 200 grams,2026-06-30,291,0,
2026-07-01,,Badam Katli Box 200 grams,2026-07-01,321,0,
2026-07-01,,Motichoor Laddoo Box 200 grams,2026-06-22,475,9,
2026-07-01,C,Kaju Katli Classic Box 200 grams,2026-07-01,659,0,
2026-07-01,A,Coconut Laddoo Box 200 grams,2026-07-01,274,0,
2026-07-01,G,Besan Laddoo Box 200 grams,2026-06-29,552,2,
2026-07-02,B,Pista Burfi Box 200 grams,2026-07-01,460,1,
2026-07-02,,Coconut Laddoo Box 200 grams,2026-07-01,418,1,
2026-07-02,G,Mysore Pak Box 200 grams,2026-06-28,140,4,
2026-07-03,,Besan Laddoo Box 200 grams,2026-07-03,399,0,
2026-07-03,,Milk Peda Box 200 grams,2026-07-02,446,1,
2026-07-03,,Pista Burfi Box 200 grams,2026-07-02,401,1,
2026-07-03,,Kaju Katli Classic Box 200 grams,2026-07-02,693,1,
2026-07-04,C,Kaju Katli Classic Box 200 grams,2026-07-03,658,1,
2026-07-04,,Besan Laddoo Box 200 grams,2026-07-02,72,2,
2026-07-05,,Milk Peda Box 200 grams,2026-07-05,59,0,
2026-07-05,C,Motichoor Laddoo Box 200 grams,2026-07-02,119,3,
2026-07-05,,Badam Katli Box 200 grams,2026-07-02,286,3,
2026-07-06,B,Mysore Pak Box 200 grams,2026-07-05,139,1,
2026-07-06,B,Motichoor Laddoo Box 200 grams,2026-07-05,91,1,
2026-07-06,,Besan Laddoo Box 200 grams,2026-07-06,343,0,
2026-07-06,,Besan Laddoo Box 200 grams,2026-07-04,196,2,
2026-07-06,G,Motichoor Laddoo Box 200 grams,2026-07-06,696,0,
